"ID_mutacion","Gen","Paciente","Mensaje"
4,"CDK11A",4,"Aminoácido referencia no coincide: esperado C en posición 109"
5,"CDK11A",5,"Aminoácido referencia no coincide: esperado C en posición 109"
20,"CSMD2",15,"Aminoácido referencia no coincide: esperado P en posición 3187"
22,"COL9A2",17,"Aminoácido referencia no coincide: esperado A en posición 668"
23,"FOXO6",18,"Aminoácido referencia no coincide: esperado R en posición 462"
24,"NASP",19,"Aminoácido referencia no coincide: esperado Q en posición 260"
26,"FAM151A",20,"Aminoácido referencia no coincide: esperado G en posición 526"
27,"HOOK1",21,"Aminoácido referencia no coincide: esperado L en posición 648"
28,"FAM73A",22,"No se encontró isoforma proteica para el gen"
30,"SARS",15,"No se encontró isoforma proteica para el gen"
33,"NBPF10",25,"Aminoácido referencia no coincide: esperado E en posición 3439"
36,"PRUNE",16,"No se encontró isoforma proteica para el gen"
37,"GABPB2",14,"Aminoácido referencia no coincide: esperado D en posición 118"
39,"UBAP2L",29,"Aminoácido referencia no coincide: esperado L en posición 764"
43,"OR10R2",29,"Aminoácido referencia no coincide: esperado T en posición 295"
49,"SWT1",34,"Aminoácido referencia no coincide: esperado N en posición 821"
56,"SLC41A1",29,"Aminoácido referencia no coincide: esperado Q en posición 367"
61,"JMJD4",9,"Aminoácido referencia no coincide: esperado R en posición 394"
69,"DIP2C",43,"Aminoácido referencia no coincide: esperado Q en posición 1025"
73,"PCDH15",46,"Aminoácido referencia no coincide: esperado T en posición 1846"
74,"ZWINT",2,"Aminoácido referencia no coincide: esperado Q en posición 190"
76,"ADO",48,"Aminoácido referencia no coincide: esperado P en posición 39"
81,"BMPR1A",7,"Aminoácido referencia no coincide: esperado R en posición 480"
82,"MMRN2",41,"Aminoácido referencia no coincide: esperado A en posición 799"
86,"CTBP2",19,"Péptido mutado con longitud distinta a 17 aa: longitud actual = 15 aa"
87,"TCERG1L",17,"Aminoácido referencia no coincide: esperado W en posición 345"
94,"ST5",53,"No se encontró isoforma proteica para el gen"
96,"WT1",54,"Aminoácido referencia no coincide: esperado R en posición 462"
102,"RAB3IL1",56,"Aminoácido referencia no coincide: esperado E en posición 227"
120,"CACNA1C",15,"Aminoácido referencia no coincide: esperado S en posición 1808"
121,"CD9",22,"Aminoácido referencia no coincide: esperado G en posición 197"
127,"C12orf40",19,"No se encontró isoforma proteica para el gen"
131,"DIP2B",15,"Aminoácido referencia no coincide: esperado L en posición 424"
132,"BAZ2A",34,"Aminoácido referencia no coincide: esperado I en posición 645"
133,"SLC26A10",2,"No se encontró isoforma proteica para el gen"
142,"ALDH1L2",62,"Aminoácido referencia no coincide: esperado N en posición 464"
152,"FAM194B",22,"No se encontró isoforma proteica para el gen"
153,"FAM194B",22,"No se encontró isoforma proteica para el gen"
156,"WDFY2",65,"Aminoácido referencia no coincide: esperado S en posición 249"
157,"NEK3",29,"Aminoácido referencia no coincide: esperado K en posición 300"
158,"LMO7",15,"Aminoácido referencia no coincide: esperado S en posición 706"
159,"MYCBP2",33,"Aminoácido referencia no coincide: esperado R en posición 4418"
162,"UBAC2",66,"Aminoácido referencia no coincide: esperado M en posición 272"
164,"KDELC1",65,"No se encontró isoforma proteica para el gen"
165,"FAM155A",15,"No se encontró isoforma proteica para el gen"
166,"F7",67,"Aminoácido referencia no coincide: esperado Y en posición 104"
173,"SOS2",68,"Aminoácido referencia no coincide: esperado I en posición 427"
179,"MAX",70,"Aminoácido referencia no coincide: esperado R en posición 60"
180,"MAX",42,"Aminoácido referencia no coincide: esperado R en posición 60"
181,"C14orf142",52,"No se encontró isoforma proteica para el gen"
182,"IFI27L1",71,"Aminoácido referencia no coincide: esperado V en posición 14"
184,"DYNC1H1",73,"Aminoácido referencia no coincide: esperado R en posición 4638"
185,"JAG2",17,"Aminoácido referencia no coincide: esperado G en posición 580"
187,"CASC5",23,"No se encontró isoforma proteica para el gen"
190,"CCDC33",17,"Aminoácido referencia no coincide: esperado W en posición 398"
195,"TARSL2",16,"No se encontró isoforma proteica para el gen"
196,"HBZ",12,"Péptido mutado con longitud distinta a 17 aa: longitud actual = 16 aa"
199,"TELO2",61,"Aminoácido referencia no coincide: esperado P en posición 355"
203,"CCDC64B",35,"No se encontró isoforma proteica para el gen"
213,"KIAA0556",67,"No se encontró isoforma proteica para el gen"
214,"TBC1D10B",78,"Aminoácido referencia no coincide: esperado R en posición 742"
217,"FAM192A",15,"No se encontró isoforma proteica para el gen"
220,"FUK",19,"No se encontró isoforma proteica para el gen"
225,"C17orf97",50,"No se encontró isoforma proteica para el gen"
226,"CLUH",2,"Aminoácido referencia no coincide: esperado S en posición 65"
252,"MKS1",68,"Aminoácido referencia no coincide: esperado R en posición 411"
254,"GRIN2C",29,"Aminoácido referencia no coincide: esperado L en posición 775"
256,"TNRC6C",80,"Aminoácido referencia no coincide: esperado W en posición 655"
261,"NPC1",83,"Aminoácido referencia no coincide: esperado R en posición 341"
265,"MADCAM1",35,"Aminoácido referencia no coincide: esperado P en posición 232"
266,"MADCAM1",78,"Aminoácido referencia no coincide: esperado P en posición 246"
267,"MADCAM1",78,"Aminoácido referencia no coincide: esperado S en posición 248"
268,"MADCAM1",50,"Aminoácido referencia no coincide: esperado P en posición 262"
269,"DAZAP1",52,"Aminoácido referencia no coincide: esperado I en posición 243"
274,"FBN3",85,"Aminoácido referencia no coincide: esperado S en posición 1293"
275,"MUC16",19,"Aminoácido referencia no coincide: esperado I en posición 6718"
276,"KRI1",63,"Aminoácido referencia no coincide: esperado T en posición 5"
278,"CPAMD8",26,"Aminoácido referencia no coincide: esperado L en posición 1017"
284,"ANKRD27",86,"Aminoácido referencia no coincide: esperado P en posición 761"
285,"EID2",64,"Péptido mutado con longitud distinta a 17 aa: longitud actual = 14 aa"
288,"BCKDHA",18,"Aminoácido referencia no coincide: esperado R en posición 297"
289,"ZNF404",2,"Aminoácido referencia no coincide: esperado A en posición 335"
302,"DNAAF3",11,"Aminoácido referencia no coincide: esperado E en posición 360"
306,"KIDINS220",83,"Aminoácido referencia no coincide: esperado T en posición 1000"
310,"BRE",46,"No se encontró isoforma proteica para el gen"
315,"MGAT4A",29,"Péptido mutado con longitud distinta a 17 aa: longitud actual = 16 aa"
318,"SEPT10",15,"No se encontró isoforma proteica para el gen"
319,"CCDC74B",61,"Aminoácido referencia no coincide: esperado P en posición 201"
321,"FASTKD1",46,"Aminoácido referencia no coincide: esperado Q en posición 753"
325,"NBEAL1",15,"Aminoácido referencia no coincide: esperado P en posición 455"
330,"STK11IP",41,"Aminoácido referencia no coincide: esperado R en posición 281"
335,"ALPPL2",67,"No se encontró isoforma proteica para el gen"
337,"HDAC4",7,"Aminoácido referencia no coincide: esperado G en posición 752"
338,"GPC1",69,"Aminoácido referencia no coincide: esperado P en posición 206"
339,"ANKMY1",12,"Aminoácido referencia no coincide: esperado Q en posición 882"
347,"BPIFB3",46,"Aminoácido referencia no coincide: esperado L en posición 402"
348,"CEP250",84,"Aminoácido referencia no coincide: esperado R en posición 1835"
349,"EPB41L1",36,"Aminoácido referencia no coincide: esperado E en posición 634"
350,"TGM2",18,"Aminoácido referencia no coincide: esperado T en posición 442"
351,"ARHGAP40",50,"Aminoácido referencia no coincide: esperado R en posición 110"
361,"HLCS",15,"Aminoácido referencia no coincide: esperado K en posición 405"
365,"COL6A2",78,"Aminoácido referencia no coincide: esperado E en posición 422"
366,"LSS",83,"Aminoácido referencia no coincide: esperado R en posición 622"
372,"MTMR3",29,"Aminoácido referencia no coincide: esperado L en posición 745"
373,"MTFP1",16,"Péptido mutado con longitud distinta a 17 aa: longitud actual = 14 aa"
374,"LARGE",24,"No se encontró isoforma proteica para el gen"
376,"BAIAP2L2",52,"Aminoácido referencia no coincide: esperado N en posición 412"
381,"RABL2B",87,"Aminoácido referencia no coincide: esperado A en posición 233"
382,"SLC6A1",19,"Aminoácido referencia no coincide: esperado L en posición 214"
383,"SLC6A1",19,"Aminoácido referencia no coincide: esperado T en posición 217"
385,"CTNNB1",19,"Péptido mutado con longitud distinta a 17 aa: longitud actual = 11 aa"
394,"SHISA5",44,"Aminoácido referencia no coincide: esperado L en posición 240"
400,"FAM208A",19,"No se encontró isoforma proteica para el gen"
401,"ABHD6",46,"Aminoácido referencia no coincide: esperado Y en posición 178"
402,"ZNF717",15,"Aminoácido referencia no coincide: esperado Y en posición 786"
403,"ZNF717",15,"Aminoácido referencia no coincide: esperado H en posición 553"
404,"ZNF717",15,"Aminoácido referencia no coincide: esperado E en posición 539"
407,"KIAA2018",60,"No se encontró isoforma proteica para el gen"
409,"ADCY5",26,"Aminoácido referencia no coincide: esperado L en posición 802"
413,"ACPP",33,"No se encontró isoforma proteica para el gen"
415,"AMOTL2",64,"Aminoácido referencia no coincide: esperado R en posición 141"
419,"C3orf33",37,"Aminoácido referencia no coincide: esperado S en posición 117"
423,"MECOM",64,"Aminoácido referencia no coincide: esperado R en posición 270"
424,"MUC4",35,"Aminoácido referencia no coincide: esperado S en posición 3333"
429,"MFSD10",1,"Aminoácido referencia no coincide: esperado A en posición 349"
430,"MFSD10",41,"Aminoácido referencia no coincide: esperado G en posición 334"
432,"TBC1D14",69,"Aminoácido referencia no coincide: esperado A en posición 570"
434,"LIMCH1",1,"Aminoácido referencia no coincide: esperado R en posición 374"
435,"UGT2B7",92,"Aminoácido referencia no coincide: esperado P en posición 389"
446,"TERT",29,"Aminoácido referencia no coincide: esperado Q en posición 829"
447,"NDUFS6",11,"Aminoácido referencia no coincide: esperado A en posición 86"
455,"TARS",93,"No se encontró isoforma proteica para el gen"
459,"FYB",54,"No se encontró isoforma proteica para el gen"
463,"TTC37",37,"No se encontró isoforma proteica para el gen"
468,"SNX2",66,"Aminoácido referencia no coincide: esperado P en posición 513"
473,"PPP2R2B",66,"Aminoácido referencia no coincide: esperado M en posición 162"
480,"HIST1H2AG",95,"No se encontró isoforma proteica para el gen"
483,"DDX39B",87,"Aminoácido referencia no coincide: esperado I en posición 301"
485,"HLA-DRB1",86,"Aminoácido referencia no coincide: esperado Q en posición 178"
486,"HLA-DRB1",93,"Aminoácido referencia no coincide: esperado Y en posición 61"
500,"HLA-DQB2",55,"Aminoácido referencia no coincide: esperado S en posición 209"
502,"TFEB",31,"Aminoácido referencia no coincide: esperado R en posición 465"
504,"ICK",83,"No se encontró isoforma proteica para el gen"
508,"COQ3",8,"Aminoácido referencia no coincide: esperado K en posición 134"
509,"AIM1",64,"No se encontró isoforma proteica para el gen"
513,"REPS1",15,"Aminoácido referencia no coincide: esperado E en posición 647"
515,"PCMT1",77,"Aminoácido referencia no coincide: esperado V en posición 178"
517,"SNX9",82,"Aminoácido referencia no coincide: esperado R en posición 559"
519,"SYTL3",15,"Aminoácido referencia no coincide: esperado L en posición 269"
526,"NFE2L3",54,"Aminoácido referencia no coincide: esperado E en posición 623"
531,"COBL",60,"Aminoácido referencia no coincide: esperado G en posición 1134"
533,"POM121C",37,"Aminoácido referencia no coincide: esperado A en posición 749"
534,"AKAP9",64,"Aminoácido referencia no coincide: esperado N en posición 2792"
537,"FBXL13",19,"Aminoácido referencia no coincide: esperado L en posición 644"
544,"BRAF",6,"Aminoácido referencia no coincide: esperado R en posición 260"
547,"ZNF775",63,"Aminoácido referencia no coincide: esperado T en posición 428"
548,"FASTK",66,"Aminoácido referencia no coincide: esperado A en posición 436"
551,"VIPR2",19,"Aminoácido referencia no coincide: esperado I en posición 334"
555,"GATA4",17,"Aminoácido referencia no coincide: esperado R en posición 283"
558,"ATP6V1B2",39,"Aminoácido referencia no coincide: esperado R en posición 400"
561,"FGFR1",83,"Aminoácido referencia no coincide: esperado K en posición 687"
562,"FGFR1",28,"Aminoácido referencia no coincide: esperado N en posición 577"
568,"KIAA0196",19,"No se encontró isoforma proteica para el gen"
571,"ADCK5",94,"Aminoácido referencia no coincide: esperado R en posición 17"
572,"ADCK5",68,"Aminoácido referencia no coincide: esperado R en posición 17"
573,"ADCK5",43,"Aminoácido referencia no coincide: esperado R en posición 17"
574,"ADCK5",24,"Aminoácido referencia no coincide: esperado R en posición 17"
577,"ADAMTSL1",19,"Aminoácido referencia no coincide: esperado D en posición 1409"
581,"TRPM3",19,"Aminoácido referencia no coincide: esperado V en posición 1296"
586,"PALM2-AKAP2",49,"No se encontró isoforma proteica para el gen"
587,"PALM2-AKAP2",21,"No se encontró isoforma proteica para el gen"
588,"KIAA0368",19,"No se encontró isoforma proteica para el gen"
589,"C5",19,"Aminoácido referencia no coincide: esperado V en posición 1108"
594,"C9orf172",29,"No se encontró isoforma proteica para el gen"
597,"KAL1",19,"No se encontró isoforma proteica para el gen"
599,"RAI2",19,"Péptido mutado con longitud distinta a 17 aa: longitud actual = 14 aa"
600,"MAP3K15",35,"Aminoácido referencia no coincide: esperado L en posición 1268"
